fredrick.roberts@example.com,U0XePtF0C
darby@example.net,SfWb4yVj8
quinn_dubuque@example.net,YiGrUwT4V
thomas.feest@example.org,V1L7DrZuI
vincenzo@example.org,9cSvQhJcE
kelli@example.com,2cPpUg0y
dominic@example.net,9jQ849AvR
howell@example.org,01GiTyMrH
willy@example.com,789jAy25Q
brandyn_mcglynn@example.com,P054H3E05
ashleigh_cremin@example.org,Ft1zVzM57
christelle_kozey@example.net,K68uVeFzF
karley_pfannerstill@example.org,8q6z4w7zU
bobby@example.com,7q9iRx3iL
ali@example.org,Li06IdG27
camron@example.net,PvR3OxGy6
cayla@example.com,J3KyFkZ9G
leola@example.org,95MeNbZlQ
perry@example.net,9e07G3ZkM
noble@example.com,O1BcXwH3S
alize@example.net,U4XoT55p6
jay_leannon@example.org,RvB31yUw5
ellie@example.com,8pQf5oMsX
taryn@example.org,J08k0yU1C
imani.lesch@example.net,9rOqTzAdH
freeda@example.org,NcAySkE43
geovanni@example.com,LrDq2yM11
sandrine.powlowski@example.com,R9P41zTf
gus@example.org,Ks3o9l2lH
conrad.becker@example.net,Qj4qFrW3F
kris.sawayn@example.org,YfI1LqAxO
hertha.senger@example.net,AsCkW2E2H
darrell@example.net,FsMcJ9BvF
clemmie.mertz@example.com,7c7nQp20W
heather_lehner@example.org,OtLr0yNg
monica_mohr@example.com,5tKa9rFtH
reid_harvey@example.net,4808HzU71
mattie.towne@example.com,70TkNhDeH
maynard@example.org,XqGxEd6hQ
talon@example.org,DeEqVnTn
kade.davis@example.net,FbPiWzHq
clifton@example.org,KtTpNb4jJ
jackie@example.com,93FbH2IhQ
ruthie@example.net,X4ZuKc3iK
larue@example.net,Iu4gTa66F
saul@example.com,3bA7KxQ5X
reyna@example.org,T2MlCyKsX
darien.gulgowski@example.com,HiOaAwHjR
jamel_deckow@example.com,EnKwKfO51
xzavier.beatty@example.net,48B15mLcP
janick@example.com,HqWhV2C09
devin@example.org,L4Pg6t533
nichole.reynolds@example.net,9k3j14SzP
lisette_gislason@example.com,BrA2Y4C3D
santino@example.com,1jVuCdDf
kobe@example.org,1pQoChWt3
hipolito.hickle@example.com,M4K2B9Io
hope_kreiger@example.com,JuDcPfEd0
seamus@example.net,RiVvUmBs6
madie.becker@example.net,3zNkNyH6I
lamar@example.com,Qj47KkIeX
leland_kuvalis@example.com,Cc7gZtS4
breanna@example.net,Ha2eDiEj8
liam_weber@example.org,Zx6aC9OyN
sabryna@example.com,Of07VtJo
gregoria.schumm@example.org,2zC3YiW2A
lilla@example.com,X3WnQy4dZ
lawrence.bailey@example.com,Cz3qSoC9Y
dina@example.org,Rc1qLi5j3
jamar_auer@example.org,DzY8C8JsU
jeramy.considine@example.net,6xJyYc7gO
kiel@example.org,N4SbEaHfJ
marjory@example.net,NdPtCiP4T
arthur@example.net,B7ImYtW0Q
alejandra@example.org,X77xIvOz
alberto.reynolds@example.net,KlTqK6SdG
carroll_rowe@example.com,BjGaJhUqP
rebeca@example.org,IyOaZ36e
erich@example.com,9yH4AkZ8U
zella@example.org,ExGi1m3aR
abdul.moore@example.org,W7GyRzKo
keagan_welch@example.com,9aGoHaVd
buck@example.com,Ve99BqS8H
werner_oreilly@example.net,880s7oFt4
vicenta@example.com,NpHnMzE66
sydnee@example.org,H0VqS9FzY
alivia.altenwerth@example.org,LoScVhO7S
clifton@example.org,Rl8a2dC18
christophe@example.net,W4P0J1EkA
trudie.torphy@example.org,EwEkQmGs7
craig.bauch@example.com,AlH64uSvE
bailee@example.com,72Gi3lVsE
amie@example.com,PxO6Em70C
mackenzie@example.com,OmGfExHeH
celia_schowalter@example.net,22MnGiMf9
aniyah@example.net,Kn3tE7AmT
mallie.altenwerth@example.net,8zRgP4IoI
novella_emard@example.com,I0AiPbPgB
davon_quigley@example.com,P7MpMoF0
paris.hirthe@example.com,AiWsRlSnF
